"SALES ","","OPERATIONS ","","FINANCE ","","TRENDS ","","","","","","","","","","","","","","","","","","",""
"Total Order","9","#ERROR!","23","","0","Sales Trend","","","","","","","","","","","","","Lead Source        Count","","","Material Type          Count","","",""
"9","10","1","6","420000","","6","","","","","","","","","","","","","IndiaMART","0","","PVC Shrink","0","",""
"Today's Followups","0","Orders Waiting For Artwork","Cylinder Pending","","0","Collection Trend","0","","","","","","","","","","","","Website","0","","PET-G Shrink","0","",""
"0","0","6","1","295000","","10","","","","","","","","","","","","","Google Search","0","","Cast Shrink","0","",""
"Pending Followups","4","Orders Waiting For Printing Approval","Printing Delayed","","0","Receivable Trend","0","","","","","","","","","","","","Reference","0","","BOPP Label","0","",""
"0","","0","0","0","","","","","","","","","","","","","","","WhatsApp","0","","Sticker","0","",""
"Pending Quotations","1","Orders In Production","Dispatch Delayed","","0","0","","","","","","","","","","","","","Cold Call","0","","","","",""
"","","0","6","","","","","","","","","","","","","","","","","","","","","",""
"Dispatched Orders","0","2","Wrong Vendor Selection","","0","0","","","","","","","","","","","","","","","","","","",""
"","0","0","","","","","","","","","","","","","","","","","","","","","","",""
"Lost Orders","0","Dispatch Status","Overdue Orders","","0","Top 5 Issues","","","","","","","","","","","","","","","","","","",""
"","0","","6","0","","","","","","","","","","","","","","","","","","","","",""
"Order Conversion %","0.9","","Overdue Tasks","","","0","","","","","","","","","","","","","","","","","","",""
"","","","","","0","","","","","","","","","","","","","","","","","","","",""
"0","","","","","","","","","","","","","","","","","","","","","","","","",""
"TOP SECTION (CEO View)","","TREND SECTION ","P&L SECTION","","","WORKING CAPITAL SECTION","","","","","","","","","","","","","","","","","","",""
"","","","Revenue","0","","","","","","","","","","","","","","","","","","","","",""
"SALES","0","SALES TREND","Direct Cost","0","","Receivable","0","","","","","","","","","","","","","","","","","",""
"COLLECTIONS","0","COLLECTION TREND","0","0","","","","","","","","","","","","","","","","","","","","",""
"EXPENSES","25000","RECEIVABLE TREND","0","","","0-30 Days","0","","","","","","","","","","","","","","","","","",""
"","","PAYABLE TREND","0","","","31-60 Days","0","","","","","","","","","","","","","","","","","",""
"RECEIVABLE","0","PROFIT TREND","-25000","25000","","61-90 Days","0","","","","","","","","","","","","","","","","","",""
"PAYABLE","0","","EBITDA","-25000","","90+ Days","0","","","","","","","","","","","","","","","","","",""
"OVERDUE AMOUNT","0","Month-wise line charts.","EBITDA %","","","","","","","","","","","","","","","","","","","","","",""
"OVERDUE PARTIES","0","","","","0","Payable","0","","","","","","","","","","","","","","","","","",""
"","","","Net Profit","","","","","","","","","","","","","","","","","","","","","",""
"FREE CASH","0","","Net Profit %","","","0-30 Days","0","","","","","","","","","","","","","","","","","",""
"BAD DEBTS","0","","","","","31-60 Days","0","","","","","","","","","","","","","","","","","",""
"","","","","","","61-90 Days","0","","","","","","","","","","","","","","","","","",""
"","","","","","","90+ Days","0","","","","","","","","","","","","","","","","","",""
"BALANCE SHEET SECTION","","BANK LOAN SECTION","SHARK TANK / INVESTOR SECTION","","","OWNER INTELLIGENCE SECTION","","","","","","","","","","","","","","","","","","",""
"","","DSCR","Monthly Revenue Growth %","","","Blocked Orders","3","","","","","","","","","","","","","","","","","",""
"Current Assets","","Interest Coverage Ratio","","","","","","","","","","","","","","","","","","","","","","",""
"Fixed Assets","","Current Ratio","Quarterly Revenue Growth %","","","Overdue Tasks","","","","","","","","","","","","","","","","","","",""
"","","Debt Equity Ratio","","","","","","","","","","","","","","","","","","","","","","",""
"Current Liabilities","","","Collection Growth %","","","Overdue Collections","0","","","","","","","","","","","","","","","","","",""
"Long Term Liabilities","","EBITDA","-25000","","","","","","","","","","","","","","","","","","","","","",""
"","","EBITDA %","Profit Growth %","","","Business Health Score","","","","","","","","","","","","","","","","","","",""
"Net Worth","","","","","","","","","","","","","","","","","","","","","","","","",""
"","","Working Capital","Customer Concentration %","","","Cash Risk Level","","","","","","","","","","","","","","","","","","",""
"Current Ratio","","","","","","","","","","","","","","","","","","","","","","","","",""
"","","Receivable Days","Top 10 Customer Contribution %","","","Collection Risk Level","","","","","","","","","","","","","","","","","","",""
"Debt Equity Ratio","","Payable Days","","","","","","","","","","","","","","","","","","","","","","",""
"","","","Repeat Customer %","","","Working Capital Risk Level","","","","","","","","","","","","","","","","","","",""
"","","","Cash Runway","","","","","","","","","","","","","","","","","","","","","",""
"","","","Burn Rate","","","","","","","","","","","","","","","","","","","","","",""
"FINAL FBOS STRUCTURE","","AI ASSITANCE FOR SALES ","AI ASSISTANCE FOR FINANCE ","","","","","","","","","","","","","","","","","","","","","",""
"TOP","","","","","","","","","","","","","","","","","","","","","","","","",""
"├─ CEO KPIs","","","","","","","","","","","","","","","","","","","","","","","","",""
"MID","","","","","","","","","","","","","","","","","","","","","","","","",""
"├─ Trends","","","","","","","","","","","","","","","","","","","","","","","","",""
"├─ P&L","","","","","","","","","","","","","","","","","","","","","","","","",""
"├─ Cash Flow","0","","","","","","","","","","","","","","","","","","","","","","","",""
"LOWER","","","","","","","","","","","","","","","","","","","","","","","","",""
"├─ Working Capital","","","","","","","","","","","","","","","","","","","","","","","","",""
"├─ Balance Sheet","","","","","","","","","","","","","","","","","","","","","","","","",""
"BOTTOM","","","","","","","","","","","","","","","","","","","","","","","","",""
"├─ Bank Loan Metrics","","","","","","","","","","","","","","","","","","","","","","","","",""
"├─ Shark Tank Metrics","","","","","","","","","","","","","","","","","","","","","","","","",""
"├─ Owner Intelligence","","","","","","","","","","","","","","","","","","","","","","","","",""
